id,dict_type,dict_code,dict_label,dict_value,dict_sort,css_class,list_class,is_default,status,created_at,updated_at
1,soil_type,CT001,潮土,潮土,1,,,N,0,2024-09-20 02:19:24,2025-04-18 02:59:53
2,soil_type,HT001,黄土,黄土,2,,,N,0,2024-06-07 07:00:46,2024-12-20 04:55:54
3,soil_type,RT001,红土,红土,3,,,N,0,2024-05-26 04:40:20,2025-01-01 17:14:29
4,crop_category,grain,粮食作物,粮食作物,1,,,N,0,2024-08-31 02:23:33,2024-08-19 17:57:44
5,crop_category,vegetable,蔬菜,蔬菜,2,,,N,0,2023-09-07 11:14:19,2025-04-08 20:20:21
6,crop_category,fruit,水果,水果,3,,,N,0,2023-10-14 16:16:51,2024-07-31 18:28:14
7,fertilizer_type,nitrogen,氮肥,氮肥,1,,,N,0,2025-02-08 22:17:39,2024-10-11 11:24:42
8,fertilizer_type,phosphorus,磷肥,磷肥,2,,,N,0,2024-01-28 09:07:08,2025-04-20 21:35:50
9,fertilizer_type,potassium,钾肥,钾肥,3,,,N,0,2024-09-06 11:45:48,2024-08-24 22:56:52
10,user_role,admin,管理员,admin,1,,,N,0,2023-08-15 17:53:42,2025-03-08 04:46:09
11,user_role,expert,专家,expert,2,,,N,0,2023-10-15 15:07:57,2025-03-03 22:35:03
12,user_role,user,普通用户,user,3,,,N,0,2025-04-17 12:55:55,2025-02-08 04:16:28
13,status,active,正常,active,1,color-success,,Y,0,2024-02-10 11:37:25,2025-05-18 05:01:25
14,status,inactive,停用,inactive,2,color-danger,,N,0,2024-03-05 01:41:20,2024-12-09 23:05:09
15,quality_grade,excellent,优,优,1,color-success,,N,0,2025-04-05 14:04:42,2024-09-01 02:34:18
16,quality_grade,good,良,良,2,color-info,,N,0,2023-11-25 11:55:46,2024-10-30 00:24:56
17,quality_grade,fair,中,中,3,color-warning,,N,0,2024-04-24 19:42:47,2025-03-17 23:29:50
18,quality_grade,poor,差,差,4,color-danger,,N,0,2024-05-06 01:20:39,2024-08-23 06:25:46
19,monitoring_frequency,monitoring_frequency_19,应用_19,应用_19,19,,,N,0,2023-11-24 05:29:45,2025-04-15 19:21:07
20,weather_condition,weather_condition_20,中文_20,中文_20,20,,,N,0,2023-09-14 18:52:23,2025-01-02 16:51:56
21,growth_stage,growth_stage_21,阅读_21,阅读_21,21,,,N,0,2024-03-01 17:15:02,2024-09-19 14:03:35
22,growth_stage,growth_stage_22,是否_22,是否_22,22,,,N,0,2024-06-01 05:31:40,2024-12-04 23:38:32
23,land_use,land_use_23,活动_23,活动_23,23,,,N,0,2023-07-19 23:16:39,2024-10-27 20:49:35
24,land_use,land_use_24,中文_24,中文_24,24,,,N,0,2025-04-23 08:36:26,2025-01-22 22:17:38
25,equipment_type,equipment_type_25,标准_25,标准_25,25,,,N,0,2024-05-03 06:10:01,2024-11-26 04:54:51
26,weather_condition,weather_condition_26,各种_26,各种_26,26,,,N,0,2023-08-13 03:23:02,2025-02-03 15:26:22
27,land_use,land_use_27,方式_27,方式_27,27,,,N,0,2024-06-04 11:48:59,2024-11-24 14:17:44
28,monitoring_frequency,monitoring_frequency_28,阅读_28,阅读_28,28,,,N,0,2023-08-08 21:58:37,2025-03-21 07:07:24
29,growth_stage,growth_stage_29,系列_29,系列_29,29,,,N,0,2023-11-18 23:15:40,2024-12-20 11:33:40
30,growth_stage,growth_stage_30,由于_30,由于_30,30,,,N,0,2023-10-26 14:33:54,2024-11-05 07:21:29
31,weather_condition,weather_condition_31,方式_31,方式_31,31,,,N,0,2023-09-07 19:06:12,2024-07-15 15:56:10
32,weather_condition,weather_condition_32,客户_32,客户_32,32,,,N,0,2024-04-27 01:25:27,2024-10-29 18:43:56
33,equipment_type,equipment_type_33,一个_33,一个_33,33,,,N,0,2024-03-07 11:47:07,2025-05-15 05:59:00
34,weather_condition,weather_condition_34,等级_34,等级_34,34,,,N,0,2023-11-24 08:06:42,2024-11-14 13:47:48
35,growth_stage,growth_stage_35,部分_35,部分_35,35,,,N,0,2025-05-03 16:04:54,2025-05-23 20:13:20
36,equipment_type,equipment_type_36,销售_36,销售_36,36,,,N,0,2024-06-28 09:14:41,2025-03-22 04:36:54
37,growth_stage,growth_stage_37,游戏_37,游戏_37,37,,,N,0,2024-03-06 18:41:07,2025-02-02 17:04:40
38,monitoring_frequency,monitoring_frequency_38,她的_38,她的_38,38,,,N,0,2025-01-29 16:07:35,2024-10-19 13:22:26
39,growth_stage,growth_stage_39,就是_39,就是_39,39,,,N,0,2024-12-29 11:16:42,2025-03-10 09:14:24
40,equipment_type,equipment_type_40,结果_40,结果_40,40,,,N,0,2023-09-22 18:35:31,2025-01-13 06:01:43
41,weather_condition,weather_condition_41,两个_41,两个_41,41,,,N,0,2024-09-04 13:26:50,2024-06-27 14:54:36
42,land_use,land_use_42,一些_42,一些_42,42,,,N,0,2025-01-28 20:54:05,2025-03-24 07:12:07
43,growth_stage,growth_stage_43,公司_43,公司_43,43,,,N,0,2023-07-12 13:13:56,2024-11-09 23:05:07
44,equipment_type,equipment_type_44,你的_44,你的_44,44,,,N,0,2024-08-26 18:43:54,2025-01-08 23:19:24
45,equipment_type,equipment_type_45,设备_45,设备_45,45,,,N,0,2023-10-24 14:20:27,2024-07-04 17:04:30
46,monitoring_frequency,monitoring_frequency_46,希望_46,希望_46,46,,,N,0,2024-07-19 09:11:58,2024-10-22 22:47:35
47,monitoring_frequency,monitoring_frequency_47,完全_47,完全_47,47,,,N,0,2025-05-29 11:07:22,2024-06-29 17:47:16
48,growth_stage,growth_stage_48,就是_48,就是_48,48,,,N,0,2024-09-29 14:14:12,2024-12-16 03:34:22
49,land_use,land_use_49,她的_49,她的_49,49,,,N,0,2024-07-10 09:16:19,2025-04-17 05:06:53
50,monitoring_frequency,monitoring_frequency_50,语言_50,语言_50,50,,,N,0,2025-03-27 23:18:24,2024-12-29 17:40:34
51,growth_stage,growth_stage_51,虽然_51,虽然_51,51,,,N,0,2023-08-22 07:48:20,2024-08-01 22:04:36
52,land_use,land_use_52,对于_52,对于_52,52,,,N,0,2023-10-11 02:44:30,2024-07-16 04:25:57
53,monitoring_frequency,monitoring_frequency_53,成为_53,成为_53,53,,,N,0,2023-07-19 18:34:17,2025-04-26 00:43:35
54,equipment_type,equipment_type_54,很多_54,很多_54,54,,,N,0,2023-10-19 23:46:13,2024-06-21 09:42:17
55,land_use,land_use_55,出现_55,出现_55,55,,,N,0,2023-07-09 08:23:31,2025-02-02 08:51:58
56,land_use,land_use_56,其实_56,其实_56,56,,,N,0,2024-02-16 00:26:57,2024-09-05 13:21:39
57,growth_stage,growth_stage_57,是否_57,是否_57,57,,,N,0,2025-02-21 21:16:42,2025-02-23 08:19:58
58,land_use,land_use_58,不要_58,不要_58,58,,,N,0,2025-02-23 23:45:47,2025-04-09 15:13:10
59,equipment_type,equipment_type_59,企业_59,企业_59,59,,,N,0,2025-04-13 11:12:27,2025-01-18 22:01:59
60,monitoring_frequency,monitoring_frequency_60,为了_60,为了_60,60,,,N,0,2023-08-28 19:16:46,2025-01-31 21:56:32
61,growth_stage,growth_stage_61,自己_61,自己_61,61,,,N,0,2025-02-22 21:51:41,2025-04-30 14:45:36
62,monitoring_frequency,monitoring_frequency_62,如果_62,如果_62,62,,,N,0,2025-05-24 16:15:25,2025-03-25 20:11:20
63,weather_condition,weather_condition_63,地方_63,地方_63,63,,,N,0,2024-01-31 10:12:30,2025-02-26 00:44:12
64,growth_stage,growth_stage_64,日期_64,日期_64,64,,,N,0,2023-07-24 09:50:00,2024-08-26 05:28:37
65,growth_stage,growth_stage_65,最后_65,最后_65,65,,,N,0,2024-04-21 07:51:51,2025-02-08 00:09:41
66,equipment_type,equipment_type_66,如果_66,如果_66,66,,,N,0,2025-02-15 19:08:26,2024-11-16 19:38:49
67,equipment_type,equipment_type_67,包括_67,包括_67,67,,,N,0,2024-09-16 08:34:06,2025-04-05 05:06:08
68,weather_condition,weather_condition_68,这些_68,这些_68,68,,,N,0,2024-08-21 02:03:47,2024-11-09 01:49:56
69,weather_condition,weather_condition_69,全部_69,全部_69,69,,,N,0,2023-06-28 19:29:58,2024-11-08 20:50:18
70,equipment_type,equipment_type_70,最后_70,最后_70,70,,,N,0,2024-08-28 02:46:08,2024-12-23 11:34:04
71,equipment_type,equipment_type_71,其中_71,其中_71,71,,,N,0,2025-03-26 06:42:03,2025-03-09 11:01:36
72,land_use,land_use_72,可能_72,可能_72,72,,,N,0,2024-09-24 02:42:26,2024-10-30 13:35:37
73,weather_condition,weather_condition_73,今年_73,今年_73,73,,,N,0,2025-06-06 01:33:10,2024-11-14 20:21:58
74,land_use,land_use_74,投资_74,投资_74,74,,,N,0,2024-11-15 06:48:17,2025-05-10 06:13:53
75,weather_condition,weather_condition_75,更新_75,更新_75,75,,,N,0,2023-09-01 12:47:09,2025-01-30 03:36:07
76,monitoring_frequency,monitoring_frequency_76,欢迎_76,欢迎_76,76,,,N,0,2024-02-10 17:26:37,2025-01-04 04:01:09
77,monitoring_frequency,monitoring_frequency_77,品牌_77,品牌_77,77,,,N,0,2024-06-20 20:35:19,2024-10-03 20:56:58
78,equipment_type,equipment_type_78,时间_78,时间_78,78,,,N,0,2024-10-06 09:56:31,2024-12-25 15:56:29
79,weather_condition,weather_condition_79,计划_79,计划_79,79,,,N,0,2023-11-30 08:55:11,2025-05-02 01:05:42
80,weather_condition,weather_condition_80,的人_80,的人_80,80,,,N,0,2024-01-02 00:03:15,2025-01-09 18:16:55
81,growth_stage,growth_stage_81,最后_81,最后_81,81,,,N,0,2025-03-04 02:59:33,2025-05-13 15:43:21
82,equipment_type,equipment_type_82,孩子_82,孩子_82,82,,,N,0,2023-09-18 03:50:12,2024-09-25 09:19:46
83,monitoring_frequency,monitoring_frequency_83,一直_83,一直_83,83,,,N,0,2025-02-20 15:10:53,2024-07-12 12:32:42
84,equipment_type,equipment_type_84,科技_84,科技_84,84,,,N,0,2023-06-19 19:12:16,2025-06-08 03:43:44
85,growth_stage,growth_stage_85,国际_85,国际_85,85,,,N,0,2025-04-09 08:17:46,2025-01-21 00:07:40
86,monitoring_frequency,monitoring_frequency_86,大小_86,大小_86,86,,,N,0,2023-06-17 16:58:25,2025-04-14 19:36:40
87,weather_condition,weather_condition_87,研究_87,研究_87,87,,,N,0,2024-08-14 03:13:20,2025-05-28 07:12:32
88,weather_condition,weather_condition_88,世界_88,世界_88,88,,,N,0,2024-01-08 01:31:20,2024-09-03 06:23:54
89,land_use,land_use_89,谢谢_89,谢谢_89,89,,,N,0,2024-12-02 11:24:49,2025-04-23 20:37:58
90,monitoring_frequency,monitoring_frequency_90,生产_90,生产_90,90,,,N,0,2025-01-09 06:36:36,2025-01-31 20:09:15
91,growth_stage,growth_stage_91,分析_91,分析_91,91,,,N,0,2023-10-20 14:17:31,2025-01-19 05:38:32
92,weather_condition,weather_condition_92,非常_92,非常_92,92,,,N,0,2025-03-21 16:48:09,2024-10-06 12:25:07
93,equipment_type,equipment_type_93,如果_93,如果_93,93,,,N,0,2024-03-24 15:38:28,2024-08-30 17:03:33
94,growth_stage,growth_stage_94,在线_94,在线_94,94,,,N,0,2024-05-18 07:39:54,2024-06-13 02:37:22
95,growth_stage,growth_stage_95,推荐_95,推荐_95,95,,,N,0,2024-11-17 10:45:18,2025-03-14 01:41:11
96,growth_stage,growth_stage_96,大学_96,大学_96,96,,,N,0,2024-07-11 15:10:22,2025-03-03 15:01:26
97,weather_condition,weather_condition_97,对于_97,对于_97,97,,,N,0,2024-07-25 01:11:35,2024-10-15 22:30:49
98,equipment_type,equipment_type_98,资源_98,资源_98,98,,,N,0,2025-06-07 13:51:18,2024-06-22 16:17:14
99,weather_condition,weather_condition_99,必须_99,必须_99,99,,,N,0,2024-09-20 02:59:38,2024-08-05 20:25:41
100,growth_stage,growth_stage_100,所有_100,所有_100,100,,,N,0,2025-04-21 16:00:29,2025-03-01 17:15:22
101,land_use,land_use_101,一直_101,一直_101,101,,,N,0,2025-03-28 08:22:59,2025-01-13 22:35:13
102,weather_condition,weather_condition_102,非常_102,非常_102,102,,,N,0,2023-11-23 07:33:51,2025-01-20 21:55:15
103,monitoring_frequency,monitoring_frequency_103,全部_103,全部_103,103,,,N,0,2025-05-03 13:52:45,2024-06-27 12:18:28
104,land_use,land_use_104,品牌_104,品牌_104,104,,,N,0,2025-03-29 15:33:30,2024-08-31 21:26:22
105,land_use,land_use_105,发布_105,发布_105,105,,,N,0,2023-08-28 15:21:05,2025-04-30 23:53:49
106,equipment_type,equipment_type_106,评论_106,评论_106,106,,,N,0,2024-07-08 18:32:34,2025-02-10 06:43:43
107,land_use,land_use_107,经济_107,经济_107,107,,,N,0,2023-07-15 16:40:00,2025-05-28 17:10:48
108,monitoring_frequency,monitoring_frequency_108,销售_108,销售_108,108,,,N,0,2024-03-19 09:36:00,2025-04-18 21:58:47
109,weather_condition,weather_condition_109,可以_109,可以_109,109,,,N,0,2024-01-23 03:07:36,2024-07-07 09:48:24
110,weather_condition,weather_condition_110,关系_110,关系_110,110,,,N,0,2023-07-10 19:32:24,2025-04-14 17:15:50
111,growth_stage,growth_stage_111,进入_111,进入_111,111,,,N,0,2024-08-19 23:51:24,2025-01-15 13:56:35
112,monitoring_frequency,monitoring_frequency_112,全部_112,全部_112,112,,,N,0,2023-08-20 18:05:44,2024-08-12 23:33:14
113,growth_stage,growth_stage_113,详细_113,详细_113,113,,,N,0,2023-10-31 06:16:28,2024-10-16 14:35:29
114,growth_stage,growth_stage_114,部分_114,部分_114,114,,,N,0,2024-06-03 08:33:14,2024-10-31 12:09:07
115,equipment_type,equipment_type_115,一下_115,一下_115,115,,,N,0,2025-03-19 22:15:49,2024-08-31 15:11:46
116,monitoring_frequency,monitoring_frequency_116,帮助_116,帮助_116,116,,,N,0,2024-08-08 16:17:39,2025-05-09 13:29:38
117,growth_stage,growth_stage_117,工程_117,工程_117,117,,,N,0,2024-01-19 23:15:25,2025-01-26 06:19:37
118,monitoring_frequency,monitoring_frequency_118,内容_118,内容_118,118,,,N,0,2023-11-27 10:49:01,2025-05-13 19:23:42
119,equipment_type,equipment_type_119,加入_119,加入_119,119,,,N,0,2024-09-02 13:16:32,2025-01-01 23:08:22
120,weather_condition,weather_condition_120,怎么_120,怎么_120,120,,,N,0,2025-06-10 13:51:39,2025-04-13 10:03:40
121,equipment_type,equipment_type_121,孩子_121,孩子_121,121,,,N,0,2025-03-01 13:23:03,2025-01-19 16:52:51
122,growth_stage,growth_stage_122,能够_122,能够_122,122,,,N,0,2024-12-04 08:33:10,2025-03-23 17:25:07
123,monitoring_frequency,monitoring_frequency_123,北京_123,北京_123,123,,,N,0,2024-08-16 11:55:12,2024-07-23 20:06:26
124,growth_stage,growth_stage_124,基本_124,基本_124,124,,,N,0,2024-10-16 03:50:06,2025-02-24 13:58:21
125,land_use,land_use_125,关于_125,关于_125,125,,,N,0,2024-03-03 14:33:47,2024-12-01 16:03:17
126,equipment_type,equipment_type_126,重要_126,重要_126,126,,,N,0,2024-09-25 09:05:21,2024-06-30 04:27:03
127,land_use,land_use_127,不同_127,不同_127,127,,,N,0,2024-09-26 03:18:07,2025-03-08 07:24:19
128,growth_stage,growth_stage_128,喜欢_128,喜欢_128,128,,,N,0,2023-06-17 18:20:51,2025-03-13 18:54:18
129,monitoring_frequency,monitoring_frequency_129,一样_129,一样_129,129,,,N,0,2024-10-29 10:32:08,2025-01-01 15:40:12
130,monitoring_frequency,monitoring_frequency_130,设备_130,设备_130,130,,,N,0,2025-03-11 02:51:48,2025-01-08 13:25:55
131,weather_condition,weather_condition_131,不是_131,不是_131,131,,,N,0,2023-07-04 01:20:03,2024-12-29 19:23:45
132,growth_stage,growth_stage_132,方面_132,方面_132,132,,,N,0,2023-07-17 11:09:13,2024-12-30 23:35:04
133,land_use,land_use_133,控制_133,控制_133,133,,,N,0,2023-11-17 02:37:56,2025-02-22 10:31:34
134,land_use,land_use_134,密码_134,密码_134,134,,,N,0,2025-02-02 16:18:01,2024-06-11 20:14:25
135,monitoring_frequency,monitoring_frequency_135,方法_135,方法_135,135,,,N,0,2024-04-13 11:13:52,2025-02-27 17:57:20
136,equipment_type,equipment_type_136,学校_136,学校_136,136,,,N,0,2024-08-03 14:16:07,2024-10-21 23:58:40
137,monitoring_frequency,monitoring_frequency_137,这种_137,这种_137,137,,,N,0,2024-06-05 19:40:03,2025-06-07 04:45:31
138,land_use,land_use_138,一种_138,一种_138,138,,,N,0,2024-06-13 20:11:12,2024-12-20 20:28:54
139,monitoring_frequency,monitoring_frequency_139,销售_139,销售_139,139,,,N,0,2024-06-17 23:00:32,2025-01-14 02:55:31
140,equipment_type,equipment_type_140,留言_140,留言_140,140,,,N,0,2024-12-15 12:46:40,2025-03-28 22:17:31
141,weather_condition,weather_condition_141,地方_141,地方_141,141,,,N,0,2024-04-21 16:21:37,2024-07-04 03:52:26
142,growth_stage,growth_stage_142,发生_142,发生_142,142,,,N,0,2024-09-23 19:13:27,2024-08-16 17:03:44
143,equipment_type,equipment_type_143,标题_143,标题_143,143,,,N,0,2025-01-28 01:32:24,2025-03-13 21:52:12
144,weather_condition,weather_condition_144,具有_144,具有_144,144,,,N,0,2024-10-14 00:12:14,2024-12-06 13:43:41
145,land_use,land_use_145,销售_145,销售_145,145,,,N,0,2023-08-29 07:23:14,2024-12-07 10:51:07
146,equipment_type,equipment_type_146,朋友_146,朋友_146,146,,,N,0,2024-02-11 22:06:38,2025-04-04 08:18:09
147,equipment_type,equipment_type_147,最大_147,最大_147,147,,,N,0,2025-04-07 17:05:25,2025-02-04 16:30:02
148,monitoring_frequency,monitoring_frequency_148,她的_148,她的_148,148,,,N,0,2024-04-03 02:42:28,2024-11-26 04:11:31
149,monitoring_frequency,monitoring_frequency_149,到了_149,到了_149,149,,,N,0,2023-10-25 13:55:44,2024-07-11 18:18:47
150,equipment_type,equipment_type_150,朋友_150,朋友_150,150,,,N,0,2023-07-08 06:08:35,2024-07-18 22:08:11
151,land_use,land_use_151,专业_151,专业_151,151,,,N,0,2024-05-11 00:04:01,2024-06-15 14:18:38
152,weather_condition,weather_condition_152,这是_152,这是_152,152,,,N,0,2023-08-15 17:29:54,2025-03-07 15:35:02
153,land_use,land_use_153,文化_153,文化_153,153,,,N,0,2024-02-22 01:07:45,2024-09-09 15:35:08
154,equipment_type,equipment_type_154,控制_154,控制_154,154,,,N,0,2023-12-29 08:30:45,2024-12-28 14:08:32
155,weather_condition,weather_condition_155,关于_155,关于_155,155,,,N,0,2024-06-03 13:05:08,2024-09-23 18:02:45
156,monitoring_frequency,monitoring_frequency_156,需要_156,需要_156,156,,,N,0,2023-07-20 09:42:34,2024-10-01 06:48:08
157,equipment_type,equipment_type_157,作为_157,作为_157,157,,,N,0,2024-05-27 17:40:39,2025-03-21 01:30:51
158,equipment_type,equipment_type_158,软件_158,软件_158,158,,,N,0,2024-08-10 21:20:24,2024-09-22 13:04:08
159,equipment_type,equipment_type_159,投资_159,投资_159,159,,,N,0,2024-02-04 08:52:49,2025-04-29 10:55:07
160,equipment_type,equipment_type_160,进行_160,进行_160,160,,,N,0,2025-05-23 18:01:24,2024-12-17 09:58:50
161,land_use,land_use_161,下载_161,下载_161,161,,,N,0,2025-06-04 23:09:51,2024-07-20 18:43:05
162,monitoring_frequency,monitoring_frequency_162,处理_162,处理_162,162,,,N,0,2025-01-29 09:13:44,2025-04-08 04:35:05
163,land_use,land_use_163,中国_163,中国_163,163,,,N,0,2023-06-27 01:40:29,2024-09-04 20:00:11
164,land_use,land_use_164,控制_164,控制_164,164,,,N,0,2024-04-06 12:25:44,2024-10-28 04:03:23
165,land_use,land_use_165,出来_165,出来_165,165,,,N,0,2023-08-12 01:05:09,2025-02-27 15:09:21
166,land_use,land_use_166,无法_166,无法_166,166,,,N,0,2023-11-12 16:56:09,2025-04-11 09:26:54
167,land_use,land_use_167,文章_167,文章_167,167,,,N,0,2023-06-26 11:27:36,2024-12-07 13:07:16
168,monitoring_frequency,monitoring_frequency_168,用户_168,用户_168,168,,,N,0,2025-05-13 05:50:18,2024-07-13 21:04:16
169,land_use,land_use_169,阅读_169,阅读_169,169,,,N,0,2023-12-11 10:38:47,2025-04-25 11:57:22
170,land_use,land_use_170,销售_170,销售_170,170,,,N,0,2023-11-22 09:52:55,2025-04-20 03:18:53
171,equipment_type,equipment_type_171,状态_171,状态_171,171,,,N,0,2023-11-23 05:41:26,2025-05-30 01:58:08
172,monitoring_frequency,monitoring_frequency_172,组织_172,组织_172,172,,,N,0,2023-07-18 04:37:24,2024-12-16 02:24:54
173,weather_condition,weather_condition_173,准备_173,准备_173,173,,,N,0,2025-05-14 01:11:56,2025-03-11 14:47:10
174,equipment_type,equipment_type_174,只有_174,只有_174,174,,,N,0,2024-03-01 19:08:49,2025-05-17 23:38:30
175,monitoring_frequency,monitoring_frequency_175,制作_175,制作_175,175,,,N,0,2024-07-18 14:31:09,2024-08-06 03:49:42
176,land_use,land_use_176,语言_176,语言_176,176,,,N,0,2025-04-01 11:08:05,2024-11-15 23:06:16
177,monitoring_frequency,monitoring_frequency_177,标题_177,标题_177,177,,,N,0,2023-11-04 13:01:39,2025-05-18 06:28:52
178,monitoring_frequency,monitoring_frequency_178,功能_178,功能_178,178,,,N,0,2025-02-07 16:44:22,2024-08-01 17:56:42
179,weather_condition,weather_condition_179,生产_179,生产_179,179,,,N,0,2023-08-21 20:32:17,2025-01-27 16:15:57
180,monitoring_frequency,monitoring_frequency_180,任何_180,任何_180,180,,,N,0,2023-09-11 14:11:07,2024-08-23 09:34:31
181,monitoring_frequency,monitoring_frequency_181,日本_181,日本_181,181,,,N,0,2024-11-02 18:49:56,2024-12-19 15:45:09
182,growth_stage,growth_stage_182,一下_182,一下_182,182,,,N,0,2024-09-23 16:24:30,2024-06-19 14:43:09
183,weather_condition,weather_condition_183,企业_183,企业_183,183,,,N,0,2024-09-21 02:56:33,2024-11-26 23:10:03
184,weather_condition,weather_condition_184,影响_184,影响_184,184,,,N,0,2024-03-24 10:12:08,2024-07-20 03:32:41
185,monitoring_frequency,monitoring_frequency_185,通过_185,通过_185,185,,,N,0,2025-01-13 04:43:36,2024-07-03 22:37:15
186,equipment_type,equipment_type_186,地方_186,地方_186,186,,,N,0,2023-07-27 13:12:46,2024-12-27 00:58:18
187,growth_stage,growth_stage_187,游戏_187,游戏_187,187,,,N,0,2025-05-14 00:47:07,2025-06-02 02:08:12
188,weather_condition,weather_condition_188,积分_188,积分_188,188,,,N,0,2025-01-15 08:28:07,2025-03-03 04:05:53
189,land_use,land_use_189,男人_189,男人_189,189,,,N,0,2025-03-14 09:12:04,2024-06-20 04:51:47
190,monitoring_frequency,monitoring_frequency_190,朋友_190,朋友_190,190,,,N,0,2023-11-23 15:17:26,2024-08-04 05:47:54
191,monitoring_frequency,monitoring_frequency_191,企业_191,企业_191,191,,,N,0,2024-03-17 02:01:28,2025-01-23 20:33:51
192,monitoring_frequency,monitoring_frequency_192,显示_192,显示_192,192,,,N,0,2024-08-24 10:36:33,2025-03-11 00:20:11
193,growth_stage,growth_stage_193,业务_193,业务_193,193,,,N,0,2025-06-01 00:11:00,2024-09-11 04:11:40
194,weather_condition,weather_condition_194,男人_194,男人_194,194,,,N,0,2023-12-22 06:53:40,2025-03-17 21:57:28
195,monitoring_frequency,monitoring_frequency_195,那么_195,那么_195,195,,,N,0,2023-07-18 05:02:58,2024-08-23 21:22:00
196,monitoring_frequency,monitoring_frequency_196,系列_196,系列_196,196,,,N,0,2025-03-08 21:51:58,2024-08-12 13:00:30
197,monitoring_frequency,monitoring_frequency_197,谢谢_197,谢谢_197,197,,,N,0,2023-12-04 07:12:59,2024-11-16 09:05:13
198,weather_condition,weather_condition_198,内容_198,内容_198,198,,,N,0,2024-04-20 19:17:13,2025-03-12 08:27:30
199,monitoring_frequency,monitoring_frequency_199,查看_199,查看_199,199,,,N,0,2024-01-28 06:19:38,2024-09-27 14:16:56
200,growth_stage,growth_stage_200,是一_200,是一_200,200,,,N,0,2024-02-13 04:30:45,2024-10-14 18:03:15
201,land_use,land_use_201,一起_201,一起_201,201,,,N,0,2024-05-23 15:49:11,2025-02-13 09:34:17
202,monitoring_frequency,monitoring_frequency_202,推荐_202,推荐_202,202,,,N,0,2024-12-08 01:38:01,2024-12-09 05:59:13
203,land_use,land_use_203,只有_203,只有_203,203,,,N,0,2023-09-19 03:23:43,2025-01-15 13:13:10
204,land_use,land_use_204,主题_204,主题_204,204,,,N,0,2024-02-27 04:55:43,2024-08-23 18:04:26
205,growth_stage,growth_stage_205,以后_205,以后_205,205,,,N,0,2024-10-09 15:38:47,2025-05-27 21:10:15
206,equipment_type,equipment_type_206,这里_206,这里_206,206,,,N,0,2024-09-11 19:07:14,2025-02-24 22:52:20
207,monitoring_frequency,monitoring_frequency_207,她的_207,她的_207,207,,,N,0,2024-06-03 08:49:20,2025-01-11 00:29:42
208,growth_stage,growth_stage_208,还有_208,还有_208,208,,,N,0,2023-07-13 17:46:28,2024-08-07 02:00:58
209,land_use,land_use_209,点击_209,点击_209,209,,,N,0,2025-01-07 01:42:37,2024-06-13 09:15:11
210,weather_condition,weather_condition_210,应用_210,应用_210,210,,,N,0,2024-03-17 09:38:57,2024-08-04 09:38:05
211,monitoring_frequency,monitoring_frequency_211,大家_211,大家_211,211,,,N,0,2024-11-19 15:04:41,2025-06-01 08:54:16
212,equipment_type,equipment_type_212,政府_212,政府_212,212,,,N,0,2023-11-16 06:08:18,2024-08-10 06:26:15
213,land_use,land_use_213,计划_213,计划_213,213,,,N,0,2023-06-20 13:22:51,2025-05-11 16:47:57
214,equipment_type,equipment_type_214,质量_214,质量_214,214,,,N,0,2024-02-17 17:31:27,2025-02-14 22:45:14
215,land_use,land_use_215,增加_215,增加_215,215,,,N,0,2023-06-17 14:59:51,2025-02-27 22:04:41
216,monitoring_frequency,monitoring_frequency_216,系列_216,系列_216,216,,,N,0,2023-11-14 00:44:44,2024-10-05 18:46:28
217,equipment_type,equipment_type_217,威望_217,威望_217,217,,,N,0,2025-04-24 18:57:14,2025-03-28 03:45:42
218,weather_condition,weather_condition_218,结果_218,结果_218,218,,,N,0,2024-07-17 03:41:21,2024-11-19 08:31:04
219,weather_condition,weather_condition_219,喜欢_219,喜欢_219,219,,,N,0,2025-03-30 02:01:53,2025-04-05 07:59:59
220,land_use,land_use_220,开始_220,开始_220,220,,,N,0,2025-05-11 06:14:54,2025-01-22 02:22:38
221,growth_stage,growth_stage_221,关于_221,关于_221,221,,,N,0,2024-04-10 17:44:38,2024-06-20 23:51:25
222,equipment_type,equipment_type_222,产品_222,产品_222,222,,,N,0,2024-01-22 13:31:56,2025-06-06 19:24:21
223,growth_stage,growth_stage_223,分析_223,分析_223,223,,,N,0,2024-10-31 00:23:29,2024-08-14 12:45:29
224,equipment_type,equipment_type_224,他们_224,他们_224,224,,,N,0,2024-10-08 08:50:26,2025-04-17 08:35:07
225,monitoring_frequency,monitoring_frequency_225,首页_225,首页_225,225,,,N,0,2024-07-27 14:38:42,2024-07-28 23:17:27
226,growth_stage,growth_stage_226,国际_226,国际_226,226,,,N,0,2024-01-25 13:54:16,2025-03-18 09:29:49
227,monitoring_frequency,monitoring_frequency_227,工程_227,工程_227,227,,,N,0,2023-07-03 08:32:59,2024-06-27 08:58:05
228,monitoring_frequency,monitoring_frequency_228,在线_228,在线_228,228,,,N,0,2023-09-30 04:37:33,2024-08-02 14:41:18
229,land_use,land_use_229,工具_229,工具_229,229,,,N,0,2024-10-23 10:20:53,2025-03-04 10:51:22
230,land_use,land_use_230,服务_230,服务_230,230,,,N,0,2025-05-13 19:28:30,2025-04-29 16:10:02
231,weather_condition,weather_condition_231,不会_231,不会_231,231,,,N,0,2024-06-12 06:24:57,2024-10-01 18:34:17
232,equipment_type,equipment_type_232,运行_232,运行_232,232,,,N,0,2025-01-22 13:59:12,2024-06-18 09:47:31
233,land_use,land_use_233,建设_233,建设_233,233,,,N,0,2024-05-10 04:49:53,2025-03-30 04:07:35
234,equipment_type,equipment_type_234,还有_234,还有_234,234,,,N,0,2024-11-03 00:15:56,2025-02-28 04:53:07
235,land_use,land_use_235,报告_235,报告_235,235,,,N,0,2024-04-15 12:01:23,2025-02-18 07:36:54
236,equipment_type,equipment_type_236,增加_236,增加_236,236,,,N,0,2023-12-04 16:37:47,2024-07-21 17:42:52
237,monitoring_frequency,monitoring_frequency_237,资源_237,资源_237,237,,,N,0,2025-06-05 14:25:56,2025-04-26 17:01:34
238,weather_condition,weather_condition_238,当前_238,当前_238,238,,,N,0,2023-08-12 08:36:23,2024-12-14 15:08:06
239,weather_condition,weather_condition_239,直接_239,直接_239,239,,,N,0,2024-10-11 18:00:19,2024-10-02 04:07:44
240,equipment_type,equipment_type_240,全国_240,全国_240,240,,,N,0,2025-01-27 02:45:37,2024-08-01 18:04:00
241,monitoring_frequency,monitoring_frequency_241,之间_241,之间_241,241,,,N,0,2024-05-11 23:06:26,2025-04-18 14:05:52
242,land_use,land_use_242,已经_242,已经_242,242,,,N,0,2024-10-04 05:21:46,2024-11-22 06:26:41
243,equipment_type,equipment_type_243,帮助_243,帮助_243,243,,,N,0,2023-07-21 21:56:33,2024-10-28 15:08:23
244,equipment_type,equipment_type_244,任何_244,任何_244,244,,,N,0,2024-05-26 22:44:07,2024-06-14 17:05:55
245,land_use,land_use_245,日本_245,日本_245,245,,,N,0,2024-03-24 02:24:50,2025-02-16 16:07:33
246,growth_stage,growth_stage_246,希望_246,希望_246,246,,,N,0,2024-04-13 01:47:34,2024-12-25 15:20:00
247,monitoring_frequency,monitoring_frequency_247,记者_247,记者_247,247,,,N,0,2023-10-21 13:20:46,2024-10-25 07:46:51
248,equipment_type,equipment_type_248,首页_248,首页_248,248,,,N,0,2023-12-08 03:46:27,2025-04-26 12:46:01
249,weather_condition,weather_condition_249,为了_249,为了_249,249,,,N,0,2025-04-19 21:08:40,2025-05-27 12:40:23
250,weather_condition,weather_condition_250,是否_250,是否_250,250,,,N,0,2023-12-21 09:45:46,2024-10-15 00:11:37
251,growth_stage,growth_stage_251,城市_251,城市_251,251,,,N,0,2024-07-29 04:25:28,2025-06-05 05:13:37
252,land_use,land_use_252,不能_252,不能_252,252,,,N,0,2025-02-10 10:54:05,2025-02-07 02:39:56
253,monitoring_frequency,monitoring_frequency_253,网上_253,网上_253,253,,,N,0,2025-01-20 13:29:31,2024-08-04 02:24:07
254,weather_condition,weather_condition_254,可以_254,可以_254,254,,,N,0,2023-08-07 01:09:44,2024-08-24 00:40:19
255,weather_condition,weather_condition_255,安全_255,安全_255,255,,,N,0,2024-08-22 00:51:55,2024-12-16 23:08:00
256,weather_condition,weather_condition_256,现在_256,现在_256,256,,,N,0,2024-03-11 15:34:55,2025-01-19 05:20:11
257,monitoring_frequency,monitoring_frequency_257,认为_257,认为_257,257,,,N,0,2023-12-24 00:43:52,2024-11-01 08:48:51
258,monitoring_frequency,monitoring_frequency_258,主题_258,主题_258,258,,,N,0,2025-03-10 00:39:16,2025-03-03 01:03:45
259,weather_condition,weather_condition_259,作者_259,作者_259,259,,,N,0,2024-04-08 06:27:53,2025-03-29 19:24:59
260,monitoring_frequency,monitoring_frequency_260,特别_260,特别_260,260,,,N,0,2023-07-15 21:10:54,2024-12-05 11:48:44
261,equipment_type,equipment_type_261,名称_261,名称_261,261,,,N,0,2024-11-22 12:45:52,2025-04-14 05:15:48
262,growth_stage,growth_stage_262,决定_262,决定_262,262,,,N,0,2023-07-21 20:31:45,2025-04-20 15:05:47
263,land_use,land_use_263,电影_263,电影_263,263,,,N,0,2024-12-25 05:59:09,2024-06-19 09:44:14
264,growth_stage,growth_stage_264,论坛_264,论坛_264,264,,,N,0,2023-07-18 14:41:46,2025-04-01 16:39:29
265,growth_stage,growth_stage_265,原因_265,原因_265,265,,,N,0,2024-03-01 03:03:28,2024-11-19 20:48:13
266,equipment_type,equipment_type_266,你的_266,你的_266,266,,,N,0,2024-11-19 17:53:34,2024-11-20 08:35:44
267,land_use,land_use_267,过程_267,过程_267,267,,,N,0,2023-08-09 15:35:23,2025-06-05 19:02:23
268,growth_stage,growth_stage_268,谢谢_268,谢谢_268,268,,,N,0,2023-08-11 04:57:24,2024-07-14 16:44:33
269,growth_stage,growth_stage_269,文件_269,文件_269,269,,,N,0,2023-09-24 08:04:52,2024-10-20 16:23:09
270,equipment_type,equipment_type_270,最大_270,最大_270,270,,,N,0,2024-11-14 13:40:23,2024-12-20 17:09:00
271,weather_condition,weather_condition_271,来自_271,来自_271,271,,,N,0,2025-02-20 00:57:00,2025-04-11 08:18:41
272,weather_condition,weather_condition_272,推荐_272,推荐_272,272,,,N,0,2025-04-15 00:16:12,2024-12-30 22:07:02
273,weather_condition,weather_condition_273,然后_273,然后_273,273,,,N,0,2024-11-18 01:37:43,2024-10-05 08:11:35
274,weather_condition,weather_condition_274,今天_274,今天_274,274,,,N,0,2024-12-06 02:21:10,2024-12-22 22:03:09
275,growth_stage,growth_stage_275,一样_275,一样_275,275,,,N,0,2025-02-10 22:10:15,2024-10-28 08:03:24
276,land_use,land_use_276,东西_276,东西_276,276,,,N,0,2025-05-10 23:40:09,2025-06-09 08:01:45
277,growth_stage,growth_stage_277,决定_277,决定_277,277,,,N,0,2024-10-15 02:01:12,2024-09-05 02:18:15
278,monitoring_frequency,monitoring_frequency_278,简介_278,简介_278,278,,,N,0,2023-10-16 15:04:21,2025-04-07 17:55:17
279,land_use,land_use_279,主要_279,主要_279,279,,,N,0,2024-06-24 12:17:37,2024-11-03 13:27:03
280,growth_stage,growth_stage_280,部分_280,部分_280,280,,,N,0,2024-03-13 11:42:29,2024-07-09 05:01:46
281,land_use,land_use_281,对于_281,对于_281,281,,,N,0,2024-07-08 03:26:11,2025-01-30 05:50:53
282,growth_stage,growth_stage_282,或者_282,或者_282,282,,,N,0,2023-11-05 16:20:55,2024-12-31 20:17:39
283,equipment_type,equipment_type_283,你的_283,你的_283,283,,,N,0,2024-08-31 21:02:43,2024-12-03 15:53:33
284,equipment_type,equipment_type_284,免费_284,免费_284,284,,,N,0,2023-10-02 13:59:32,2024-08-11 06:36:49
285,weather_condition,weather_condition_285,她的_285,她的_285,285,,,N,0,2023-12-16 23:52:03,2024-12-31 01:51:00
286,growth_stage,growth_stage_286,无法_286,无法_286,286,,,N,0,2023-09-03 22:46:03,2025-01-08 08:48:39
287,growth_stage,growth_stage_287,无法_287,无法_287,287,,,N,0,2024-02-21 15:32:56,2024-08-21 06:23:21
288,growth_stage,growth_stage_288,音乐_288,音乐_288,288,,,N,0,2024-11-12 02:58:41,2024-08-05 21:48:38
289,equipment_type,equipment_type_289,一些_289,一些_289,289,,,N,0,2024-12-01 14:08:15,2025-01-03 05:48:00
290,monitoring_frequency,monitoring_frequency_290,时候_290,时候_290,290,,,N,0,2023-12-05 10:03:22,2024-08-20 19:48:51
291,growth_stage,growth_stage_291,或者_291,或者_291,291,,,N,0,2023-10-10 03:13:07,2024-12-02 10:10:16
292,monitoring_frequency,monitoring_frequency_292,决定_292,决定_292,292,,,N,0,2025-01-15 12:35:22,2025-05-02 16:50:51
293,weather_condition,weather_condition_293,文章_293,文章_293,293,,,N,0,2024-01-28 05:24:09,2025-01-07 21:11:23
294,monitoring_frequency,monitoring_frequency_294,工作_294,工作_294,294,,,N,0,2025-03-29 15:03:38,2024-08-10 08:08:32
295,land_use,land_use_295,以后_295,以后_295,295,,,N,0,2024-02-05 19:11:13,2024-11-02 17:30:43
296,monitoring_frequency,monitoring_frequency_296,相关_296,相关_296,296,,,N,0,2024-12-16 21:47:47,2024-12-19 21:17:22
297,equipment_type,equipment_type_297,通过_297,通过_297,297,,,N,0,2023-08-12 09:47:05,2025-03-06 19:28:02
298,land_use,land_use_298,工程_298,工程_298,298,,,N,0,2023-08-07 22:26:36,2025-02-02 22:55:54
299,growth_stage,growth_stage_299,学生_299,学生_299,299,,,N,0,2024-04-22 14:53:28,2025-03-24 16:52:36
300,equipment_type,equipment_type_300,无法_300,无法_300,300,,,N,0,2025-05-17 03:31:24,2024-11-06 17:04:02
301,land_use,land_use_301,国内_301,国内_301,301,,,N,0,2024-01-28 18:27:44,2024-08-12 18:08:20
302,land_use,land_use_302,方面_302,方面_302,302,,,N,0,2023-11-10 10:53:15,2024-10-03 18:08:17
303,equipment_type,equipment_type_303,地方_303,地方_303,303,,,N,0,2024-09-06 09:28:57,2025-01-17 00:09:08
304,growth_stage,growth_stage_304,电子_304,电子_304,304,,,N,0,2023-12-04 02:23:48,2025-03-08 19:00:23
305,land_use,land_use_305,所有_305,所有_305,305,,,N,0,2024-02-02 21:01:47,2024-12-07 21:47:43
306,monitoring_frequency,monitoring_frequency_306,电影_306,电影_306,306,,,N,0,2023-08-12 17:08:37,2024-12-28 23:56:10
307,weather_condition,weather_condition_307,东西_307,东西_307,307,,,N,0,2025-01-29 12:31:16,2025-02-23 11:20:48
308,equipment_type,equipment_type_308,主题_308,主题_308,308,,,N,0,2024-08-29 19:10:43,2024-09-07 11:29:34
309,growth_stage,growth_stage_309,公司_309,公司_309,309,,,N,0,2024-01-26 02:59:05,2024-11-07 06:31:12
310,equipment_type,equipment_type_310,出来_310,出来_310,310,,,N,0,2023-12-19 13:12:15,2025-03-02 02:47:54
311,land_use,land_use_311,所有_311,所有_311,311,,,N,0,2023-08-28 21:42:24,2025-02-16 03:59:55
312,monitoring_frequency,monitoring_frequency_312,回复_312,回复_312,312,,,N,0,2024-09-21 06:48:05,2025-03-17 23:16:24
313,monitoring_frequency,monitoring_frequency_313,问题_313,问题_313,313,,,N,0,2023-11-06 02:56:23,2025-01-22 03:08:12
314,weather_condition,weather_condition_314,希望_314,希望_314,314,,,N,0,2024-06-04 04:57:57,2024-08-24 17:55:52
315,equipment_type,equipment_type_315,继续_315,继续_315,315,,,N,0,2025-01-05 07:49:38,2025-03-16 02:33:34
316,growth_stage,growth_stage_316,记者_316,记者_316,316,,,N,0,2024-04-28 17:20:51,2024-11-17 06:54:39
317,weather_condition,weather_condition_317,网站_317,网站_317,317,,,N,0,2024-07-15 10:29:01,2025-05-03 17:40:43
318,monitoring_frequency,monitoring_frequency_318,行业_318,行业_318,318,,,N,0,2024-08-20 19:15:57,2025-05-28 10:45:22
319,weather_condition,weather_condition_319,以下_319,以下_319,319,,,N,0,2025-01-17 09:53:48,2025-03-11 13:50:35
320,weather_condition,weather_condition_320,完全_320,完全_320,320,,,N,0,2025-01-01 19:02:20,2025-02-03 07:04:31
321,land_use,land_use_321,东西_321,东西_321,321,,,N,0,2024-12-28 06:42:01,2025-04-08 07:35:26
322,growth_stage,growth_stage_322,新闻_322,新闻_322,322,,,N,0,2024-10-31 13:00:54,2024-07-02 02:50:21
323,weather_condition,weather_condition_323,评论_323,评论_323,323,,,N,0,2024-07-10 20:43:41,2024-07-20 15:35:30
324,weather_condition,weather_condition_324,目前_324,目前_324,324,,,N,0,2024-04-16 18:12:37,2025-05-02 16:10:17
325,weather_condition,weather_condition_325,以后_325,以后_325,325,,,N,0,2023-11-20 03:05:24,2025-03-13 06:18:46
326,monitoring_frequency,monitoring_frequency_326,一切_326,一切_326,326,,,N,0,2023-07-27 01:28:43,2025-06-05 17:21:22
327,equipment_type,equipment_type_327,客户_327,客户_327,327,,,N,0,2024-08-27 05:41:57,2025-01-10 10:19:12
328,growth_stage,growth_stage_328,他们_328,他们_328,328,,,N,0,2024-09-29 10:23:36,2024-07-13 14:18:47
329,land_use,land_use_329,用户_329,用户_329,329,,,N,0,2023-12-30 15:33:16,2024-10-01 10:19:01
330,land_use,land_use_330,出来_330,出来_330,330,,,N,0,2024-09-15 00:47:10,2024-11-07 17:03:34
331,land_use,land_use_331,如何_331,如何_331,331,,,N,0,2025-03-21 03:38:20,2024-08-09 03:54:09
332,growth_stage,growth_stage_332,相关_332,相关_332,332,,,N,0,2023-11-19 16:41:02,2024-06-25 02:13:56
333,growth_stage,growth_stage_333,推荐_333,推荐_333,333,,,N,0,2023-11-27 17:03:58,2024-09-11 04:18:22
334,land_use,land_use_334,报告_334,报告_334,334,,,N,0,2024-01-11 16:36:33,2024-09-12 15:16:02
335,land_use,land_use_335,所有_335,所有_335,335,,,N,0,2024-05-20 19:06:16,2024-07-12 17:26:34
336,weather_condition,weather_condition_336,回复_336,回复_336,336,,,N,0,2024-10-14 01:30:57,2025-05-05 06:16:55
337,equipment_type,equipment_type_337,活动_337,活动_337,337,,,N,0,2023-07-04 08:23:46,2024-10-08 01:16:50
338,land_use,land_use_338,拥有_338,拥有_338,338,,,N,0,2024-09-22 16:56:49,2024-10-16 11:47:38
339,growth_stage,growth_stage_339,来源_339,来源_339,339,,,N,0,2024-10-30 04:33:43,2024-07-30 04:24:34
340,weather_condition,weather_condition_340,北京_340,北京_340,340,,,N,0,2025-01-03 11:31:09,2024-06-17 02:59:54
341,monitoring_frequency,monitoring_frequency_341,深圳_341,深圳_341,341,,,N,0,2023-06-26 17:19:58,2024-09-23 06:00:17
342,equipment_type,equipment_type_342,只要_342,只要_342,342,,,N,0,2025-03-04 23:27:33,2024-09-12 13:58:25
343,weather_condition,weather_condition_343,什么_343,什么_343,343,,,N,0,2024-10-28 11:31:23,2025-03-06 03:39:40
344,weather_condition,weather_condition_344,注意_344,注意_344,344,,,N,0,2023-10-30 19:08:30,2025-06-10 10:39:10
345,equipment_type,equipment_type_345,注册_345,注册_345,345,,,N,0,2025-01-06 17:37:15,2024-11-08 02:14:02
346,equipment_type,equipment_type_346,建设_346,建设_346,346,,,N,0,2024-05-02 22:45:12,2024-09-21 01:26:28
347,land_use,land_use_347,论坛_347,论坛_347,347,,,N,0,2025-04-13 06:20:07,2025-04-06 00:48:16
348,equipment_type,equipment_type_348,网站_348,网站_348,348,,,N,0,2024-12-08 10:19:13,2025-05-12 21:52:29
349,equipment_type,equipment_type_349,价格_349,价格_349,349,,,N,0,2023-07-26 14:30:04,2025-02-02 10:58:05
350,land_use,land_use_350,网站_350,网站_350,350,,,N,0,2025-04-03 19:11:04,2024-11-01 01:19:07
351,growth_stage,growth_stage_351,不能_351,不能_351,351,,,N,0,2024-05-03 06:55:24,2024-07-25 00:55:55
352,land_use,land_use_352,所有_352,所有_352,352,,,N,0,2024-01-04 03:25:38,2024-07-07 11:13:43
353,equipment_type,equipment_type_353,位置_353,位置_353,353,,,N,0,2023-11-18 04:38:16,2024-06-15 20:10:36
354,weather_condition,weather_condition_354,如何_354,如何_354,354,,,N,0,2024-03-08 02:15:38,2024-11-27 21:39:41
355,equipment_type,equipment_type_355,直接_355,直接_355,355,,,N,0,2024-02-29 11:26:33,2024-09-07 09:04:58
356,land_use,land_use_356,出现_356,出现_356,356,,,N,0,2025-01-08 03:53:18,2025-01-02 01:14:56
357,monitoring_frequency,monitoring_frequency_357,组织_357,组织_357,357,,,N,0,2023-11-24 03:28:37,2024-07-01 07:28:19
358,equipment_type,equipment_type_358,北京_358,北京_358,358,,,N,0,2025-04-30 07:01:45,2024-09-24 05:07:19
359,land_use,land_use_359,决定_359,决定_359,359,,,N,0,2025-03-27 20:32:13,2024-09-27 12:41:34
360,equipment_type,equipment_type_360,工作_360,工作_360,360,,,N,0,2025-01-20 21:39:14,2025-01-21 10:13:46
361,equipment_type,equipment_type_361,大家_361,大家_361,361,,,N,0,2024-11-30 14:53:32,2024-12-09 14:14:25
362,equipment_type,equipment_type_362,部门_362,部门_362,362,,,N,0,2024-09-16 21:26:22,2025-05-29 03:11:13
363,equipment_type,equipment_type_363,的人_363,的人_363,363,,,N,0,2025-02-12 02:58:31,2024-12-06 08:15:00
364,monitoring_frequency,monitoring_frequency_364,等级_364,等级_364,364,,,N,0,2024-03-02 13:33:09,2025-03-04 23:52:57
365,monitoring_frequency,monitoring_frequency_365,应用_365,应用_365,365,,,N,0,2024-05-31 08:59:55,2024-11-20 21:03:42
366,growth_stage,growth_stage_366,价格_366,价格_366,366,,,N,0,2023-07-17 22:55:40,2024-12-24 02:38:38
367,land_use,land_use_367,介绍_367,介绍_367,367,,,N,0,2024-11-18 08:45:48,2025-04-17 08:08:32
368,growth_stage,growth_stage_368,您的_368,您的_368,368,,,N,0,2025-05-01 03:34:55,2025-04-21 00:40:20
369,land_use,land_use_369,不同_369,不同_369,369,,,N,0,2024-01-31 08:58:33,2025-03-05 00:20:25
370,equipment_type,equipment_type_370,帮助_370,帮助_370,370,,,N,0,2025-04-19 18:03:33,2025-04-30 05:57:06
371,monitoring_frequency,monitoring_frequency_371,主要_371,主要_371,371,,,N,0,2024-06-07 15:43:21,2025-02-22 21:21:13
372,weather_condition,weather_condition_372,网络_372,网络_372,372,,,N,0,2025-02-20 23:12:44,2025-04-30 03:53:53
373,monitoring_frequency,monitoring_frequency_373,技术_373,技术_373,373,,,N,0,2024-04-10 16:08:28,2024-08-06 02:00:16
374,monitoring_frequency,monitoring_frequency_374,中国_374,中国_374,374,,,N,0,2025-04-30 18:46:48,2024-09-26 10:52:24
375,monitoring_frequency,monitoring_frequency_375,语言_375,语言_375,375,,,N,0,2023-08-26 07:59:39,2024-11-25 07:45:15
376,monitoring_frequency,monitoring_frequency_376,责任_376,责任_376,376,,,N,0,2024-08-03 11:55:24,2024-10-12 09:36:00
377,land_use,land_use_377,开始_377,开始_377,377,,,N,0,2023-12-09 18:22:25,2024-07-02 01:32:42
378,growth_stage,growth_stage_378,用户_378,用户_378,378,,,N,0,2025-03-02 21:59:51,2024-10-15 12:17:55
379,growth_stage,growth_stage_379,关系_379,关系_379,379,,,N,0,2024-07-12 19:04:48,2024-10-21 22:24:26
380,weather_condition,weather_condition_380,网站_380,网站_380,380,,,N,0,2024-06-23 11:07:42,2024-09-26 22:40:21
381,weather_condition,weather_condition_381,方面_381,方面_381,381,,,N,0,2024-09-02 09:51:19,2025-02-21 05:53:57
382,land_use,land_use_382,生活_382,生活_382,382,,,N,0,2024-10-27 09:51:24,2024-10-25 09:20:55
383,weather_condition,weather_condition_383,是否_383,是否_383,383,,,N,0,2024-12-26 05:02:38,2024-06-16 22:45:42
384,monitoring_frequency,monitoring_frequency_384,数据_384,数据_384,384,,,N,0,2024-06-11 05:35:52,2024-09-13 03:01:03
385,weather_condition,weather_condition_385,其中_385,其中_385,385,,,N,0,2023-12-13 06:56:57,2025-02-03 00:05:25
386,monitoring_frequency,monitoring_frequency_386,报告_386,报告_386,386,,,N,0,2024-06-02 06:51:29,2024-07-06 04:08:52
387,monitoring_frequency,monitoring_frequency_387,这个_387,这个_387,387,,,N,0,2024-10-15 07:40:56,2024-11-22 22:29:50
388,monitoring_frequency,monitoring_frequency_388,你们_388,你们_388,388,,,N,0,2024-08-09 12:07:17,2025-06-09 11:21:28
389,growth_stage,growth_stage_389,企业_389,企业_389,389,,,N,0,2024-03-22 00:04:27,2024-07-20 13:01:36
390,weather_condition,weather_condition_390,完全_390,完全_390,390,,,N,0,2023-10-27 13:56:31,2025-05-15 01:42:20
391,land_use,land_use_391,国际_391,国际_391,391,,,N,0,2024-10-04 21:25:33,2025-01-31 05:00:03
392,land_use,land_use_392,以下_392,以下_392,392,,,N,0,2024-01-21 10:05:52,2025-02-28 09:20:15
393,equipment_type,equipment_type_393,电影_393,电影_393,393,,,N,0,2023-10-01 17:52:38,2024-06-18 14:47:00
394,land_use,land_use_394,显示_394,显示_394,394,,,N,0,2024-01-24 04:47:06,2025-01-07 06:41:29
395,monitoring_frequency,monitoring_frequency_395,一切_395,一切_395,395,,,N,0,2025-03-30 23:00:37,2024-12-23 05:43:07
396,land_use,land_use_396,加入_396,加入_396,396,,,N,0,2023-10-31 01:28:18,2025-04-09 20:49:52
397,equipment_type,equipment_type_397,工作_397,工作_397,397,,,N,0,2025-05-04 02:53:46,2024-10-31 18:33:13
398,monitoring_frequency,monitoring_frequency_398,不是_398,不是_398,398,,,N,0,2025-03-13 16:44:48,2024-10-25 22:26:58
399,land_use,land_use_399,深圳_399,深圳_399,399,,,N,0,2024-11-06 06:48:41,2024-10-29 02:40:43
400,weather_condition,weather_condition_400,不同_400,不同_400,400,,,N,0,2024-03-24 17:07:27,2025-06-07 00:02:45
401,land_use,land_use_401,以下_401,以下_401,401,,,N,0,2025-01-31 16:45:35,2025-01-25 14:35:41
402,land_use,land_use_402,注意_402,注意_402,402,,,N,0,2025-01-13 05:42:18,2025-04-20 05:11:51
403,weather_condition,weather_condition_403,方法_403,方法_403,403,,,N,0,2023-09-28 05:41:58,2024-09-18 07:18:41
404,growth_stage,growth_stage_404,作品_404,作品_404,404,,,N,0,2023-09-28 08:55:21,2024-07-23 00:28:07
405,equipment_type,equipment_type_405,有关_405,有关_405,405,,,N,0,2025-01-15 22:32:15,2025-04-08 15:12:08
406,monitoring_frequency,monitoring_frequency_406,自己_406,自己_406,406,,,N,0,2024-03-16 00:27:16,2024-07-28 00:02:50
407,land_use,land_use_407,文件_407,文件_407,407,,,N,0,2023-11-20 04:42:40,2025-04-13 06:53:05
408,land_use,land_use_408,他们_408,他们_408,408,,,N,0,2024-02-16 06:22:50,2025-01-04 04:55:25
409,monitoring_frequency,monitoring_frequency_409,社区_409,社区_409,409,,,N,0,2023-06-30 03:21:09,2025-01-18 09:21:16
410,growth_stage,growth_stage_410,用户_410,用户_410,410,,,N,0,2024-10-11 07:59:04,2024-06-20 05:29:43
411,growth_stage,growth_stage_411,不会_411,不会_411,411,,,N,0,2024-12-11 13:16:18,2024-11-13 00:01:22
412,equipment_type,equipment_type_412,空间_412,空间_412,412,,,N,0,2024-06-03 11:16:50,2024-12-24 04:59:57
413,equipment_type,equipment_type_413,可能_413,可能_413,413,,,N,0,2024-03-30 00:10:16,2024-07-06 06:21:32
414,growth_stage,growth_stage_414,得到_414,得到_414,414,,,N,0,2025-04-02 09:52:53,2024-07-17 00:01:58
415,growth_stage,growth_stage_415,能够_415,能够_415,415,,,N,0,2024-04-03 22:39:50,2025-03-18 20:29:10
416,growth_stage,growth_stage_416,对于_416,对于_416,416,,,N,0,2023-11-04 09:02:34,2024-08-30 14:06:02
417,land_use,land_use_417,女人_417,女人_417,417,,,N,0,2024-02-18 00:17:24,2025-05-22 09:07:42
418,growth_stage,growth_stage_418,继续_418,继续_418,418,,,N,0,2025-02-06 20:31:17,2025-03-25 10:38:48
419,weather_condition,weather_condition_419,数据_419,数据_419,419,,,N,0,2025-04-21 08:12:22,2025-04-19 20:33:41
420,equipment_type,equipment_type_420,处理_420,处理_420,420,,,N,0,2025-05-07 16:30:54,2025-05-18 03:17:29
421,land_use,land_use_421,继续_421,继续_421,421,,,N,0,2024-01-29 12:31:03,2025-05-13 09:15:20
422,monitoring_frequency,monitoring_frequency_422,发表_422,发表_422,422,,,N,0,2023-08-13 01:41:06,2025-02-18 10:38:01
423,monitoring_frequency,monitoring_frequency_423,参加_423,参加_423,423,,,N,0,2024-12-09 18:30:11,2024-10-21 23:40:46
424,monitoring_frequency,monitoring_frequency_424,生活_424,生活_424,424,,,N,0,2023-07-18 18:53:20,2025-01-30 00:31:33
425,weather_condition,weather_condition_425,要求_425,要求_425,425,,,N,0,2024-06-04 16:35:51,2025-01-25 15:00:39
426,land_use,land_use_426,中国_426,中国_426,426,,,N,0,2024-09-15 09:52:57,2024-12-24 01:18:52
427,growth_stage,growth_stage_427,还有_427,还有_427,427,,,N,0,2024-02-15 18:38:03,2024-07-18 10:24:14
428,monitoring_frequency,monitoring_frequency_428,最新_428,最新_428,428,,,N,0,2025-05-18 03:06:47,2024-12-26 17:04:55
429,equipment_type,equipment_type_429,记者_429,记者_429,429,,,N,0,2024-08-20 02:42:34,2025-05-14 04:51:31
430,monitoring_frequency,monitoring_frequency_430,国际_430,国际_430,430,,,N,0,2024-08-02 04:01:48,2025-02-13 01:30:09
431,growth_stage,growth_stage_431,方面_431,方面_431,431,,,N,0,2023-07-21 14:25:26,2024-11-24 15:11:41
432,land_use,land_use_432,可是_432,可是_432,432,,,N,0,2023-07-31 11:23:58,2025-02-12 19:54:09
433,land_use,land_use_433,分析_433,分析_433,433,,,N,0,2024-05-20 00:05:58,2024-11-15 11:50:46
434,growth_stage,growth_stage_434,语言_434,语言_434,434,,,N,0,2024-05-27 13:36:45,2025-01-18 00:42:09
435,weather_condition,weather_condition_435,计划_435,计划_435,435,,,N,0,2023-08-23 21:07:19,2025-01-26 10:14:30
436,growth_stage,growth_stage_436,虽然_436,虽然_436,436,,,N,0,2024-09-15 19:02:29,2025-04-24 11:57:04
437,weather_condition,weather_condition_437,知道_437,知道_437,437,,,N,0,2023-07-09 02:32:11,2025-01-23 18:21:22
438,land_use,land_use_438,密码_438,密码_438,438,,,N,0,2025-05-07 18:25:49,2024-12-24 15:04:03
439,monitoring_frequency,monitoring_frequency_439,分析_439,分析_439,439,,,N,0,2024-06-15 20:43:39,2025-04-01 15:02:03
440,equipment_type,equipment_type_440,规定_440,规定_440,440,,,N,0,2024-02-15 04:04:29,2024-12-08 21:42:20
441,equipment_type,equipment_type_441,无法_441,无法_441,441,,,N,0,2024-02-07 00:11:56,2024-12-21 11:12:06
442,weather_condition,weather_condition_442,时间_442,时间_442,442,,,N,0,2025-05-10 21:30:23,2024-11-29 11:13:24
443,equipment_type,equipment_type_443,出来_443,出来_443,443,,,N,0,2023-11-28 21:09:50,2024-12-16 10:07:08
444,land_use,land_use_444,成为_444,成为_444,444,,,N,0,2023-10-09 05:09:16,2025-03-17 11:03:24
445,land_use,land_use_445,很多_445,很多_445,445,,,N,0,2024-01-07 10:48:41,2024-07-21 13:49:16
446,weather_condition,weather_condition_446,单位_446,单位_446,446,,,N,0,2024-09-25 01:25:57,2024-08-18 06:55:40
447,weather_condition,weather_condition_447,日期_447,日期_447,447,,,N,0,2023-06-12 14:00:13,2024-12-21 14:23:56
448,equipment_type,equipment_type_448,选择_448,选择_448,448,,,N,0,2023-08-22 19:30:14,2024-10-14 00:15:39
449,growth_stage,growth_stage_449,重要_449,重要_449,449,,,N,0,2024-07-04 02:33:41,2024-08-12 07:41:06
450,growth_stage,growth_stage_450,人员_450,人员_450,450,,,N,0,2025-01-20 17:50:45,2024-12-13 17:40:10
451,weather_condition,weather_condition_451,支持_451,支持_451,451,,,N,0,2024-06-10 17:34:29,2024-09-04 21:39:19
452,monitoring_frequency,monitoring_frequency_452,公司_452,公司_452,452,,,N,0,2024-04-21 06:40:47,2024-12-14 12:58:11
453,equipment_type,equipment_type_453,的是_453,的是_453,453,,,N,0,2025-04-14 16:51:29,2024-10-09 06:14:27
454,equipment_type,equipment_type_454,地址_454,地址_454,454,,,N,0,2023-07-02 13:59:21,2024-12-20 13:41:48
455,weather_condition,weather_condition_455,所以_455,所以_455,455,,,N,0,2024-12-22 07:01:55,2024-08-29 03:49:52
456,land_use,land_use_456,重要_456,重要_456,456,,,N,0,2024-11-08 22:30:53,2025-05-24 09:54:24
457,monitoring_frequency,monitoring_frequency_457,所有_457,所有_457,457,,,N,0,2024-05-17 22:13:15,2024-09-06 02:38:14
458,land_use,land_use_458,如果_458,如果_458,458,,,N,0,2024-11-14 13:37:58,2024-07-12 08:37:57
459,equipment_type,equipment_type_459,拥有_459,拥有_459,459,,,N,0,2023-12-02 11:05:11,2025-01-02 16:09:12
460,monitoring_frequency,monitoring_frequency_460,怎么_460,怎么_460,460,,,N,0,2024-10-28 21:16:09,2025-06-02 20:25:03
461,land_use,land_use_461,位置_461,位置_461,461,,,N,0,2025-03-22 10:07:11,2025-05-03 15:54:31
462,weather_condition,weather_condition_462,有限_462,有限_462,462,,,N,0,2025-02-19 00:49:58,2025-04-01 03:52:09
463,growth_stage,growth_stage_463,发布_463,发布_463,463,,,N,0,2024-08-09 19:38:43,2024-10-31 07:50:54
464,monitoring_frequency,monitoring_frequency_464,都是_464,都是_464,464,,,N,0,2025-02-11 14:30:18,2024-11-20 00:40:20
465,equipment_type,equipment_type_465,有限_465,有限_465,465,,,N,0,2023-11-21 17:15:05,2024-07-19 04:05:01
466,land_use,land_use_466,加入_466,加入_466,466,,,N,0,2025-02-15 05:10:01,2024-08-06 19:28:21
467,monitoring_frequency,monitoring_frequency_467,为了_467,为了_467,467,,,N,0,2024-03-22 00:02:42,2025-02-05 14:56:11
468,weather_condition,weather_condition_468,管理_468,管理_468,468,,,N,0,2024-08-07 16:56:44,2024-11-05 07:11:46
469,growth_stage,growth_stage_469,认为_469,认为_469,469,,,N,0,2025-05-05 08:07:02,2024-06-23 01:21:49
470,growth_stage,growth_stage_470,首页_470,首页_470,470,,,N,0,2024-12-29 09:16:03,2025-05-16 15:30:16
471,land_use,land_use_471,成功_471,成功_471,471,,,N,0,2024-03-28 00:20:14,2024-08-16 22:51:38
472,weather_condition,weather_condition_472,孩子_472,孩子_472,472,,,N,0,2025-02-08 07:42:00,2025-03-09 11:07:23
473,growth_stage,growth_stage_473,网络_473,网络_473,473,,,N,0,2025-04-30 15:21:00,2025-04-03 02:56:36
474,land_use,land_use_474,重要_474,重要_474,474,,,N,0,2024-03-01 21:52:31,2025-04-02 23:14:43
475,growth_stage,growth_stage_475,全部_475,全部_475,475,,,N,0,2023-07-25 02:42:29,2024-07-15 06:08:27
476,monitoring_frequency,monitoring_frequency_476,朋友_476,朋友_476,476,,,N,0,2024-01-14 15:07:09,2024-07-25 07:51:57
477,equipment_type,equipment_type_477,同时_477,同时_477,477,,,N,0,2023-12-06 05:38:55,2024-07-22 19:49:53
478,land_use,land_use_478,运行_478,运行_478,478,,,N,0,2024-08-21 08:28:52,2024-10-28 06:55:19
479,equipment_type,equipment_type_479,完全_479,完全_479,479,,,N,0,2023-12-10 12:45:07,2024-09-11 18:09:28
480,equipment_type,equipment_type_480,同时_480,同时_480,480,,,N,0,2025-01-03 02:19:15,2024-11-20 17:53:56
481,monitoring_frequency,monitoring_frequency_481,看到_481,看到_481,481,,,N,0,2023-12-19 04:18:40,2025-06-07 14:56:40
482,land_use,land_use_482,状态_482,状态_482,482,,,N,0,2025-02-09 23:47:57,2024-09-17 22:15:12
483,land_use,land_use_483,因为_483,因为_483,483,,,N,0,2024-07-25 20:41:06,2025-03-18 18:47:21
484,monitoring_frequency,monitoring_frequency_484,标准_484,标准_484,484,,,N,0,2023-08-01 01:38:33,2025-04-05 18:06:09
485,equipment_type,equipment_type_485,组织_485,组织_485,485,,,N,0,2024-11-27 07:05:51,2024-11-19 09:24:53
486,monitoring_frequency,monitoring_frequency_486,来自_486,来自_486,486,,,N,0,2024-05-27 20:18:32,2024-08-19 17:00:59
487,monitoring_frequency,monitoring_frequency_487,学生_487,学生_487,487,,,N,0,2023-11-09 01:23:40,2025-05-20 22:40:38
488,weather_condition,weather_condition_488,销售_488,销售_488,488,,,N,0,2023-08-03 03:20:36,2025-02-09 14:44:36
489,monitoring_frequency,monitoring_frequency_489,以上_489,以上_489,489,,,N,0,2024-10-22 09:29:16,2024-08-27 05:34:22
490,weather_condition,weather_condition_490,是一_490,是一_490,490,,,N,0,2024-05-18 19:05:38,2025-01-10 08:48:41
491,weather_condition,weather_condition_491,详细_491,详细_491,491,,,N,0,2024-11-24 14:57:30,2024-11-16 18:23:27
492,monitoring_frequency,monitoring_frequency_492,知道_492,知道_492,492,,,N,0,2025-05-13 03:34:25,2025-01-24 17:14:36
493,growth_stage,growth_stage_493,那个_493,那个_493,493,,,N,0,2024-08-02 18:10:48,2024-07-02 21:53:50
494,land_use,land_use_494,目前_494,目前_494,494,,,N,0,2023-06-29 09:21:25,2025-03-05 23:50:05
495,land_use,land_use_495,主要_495,主要_495,495,,,N,0,2024-06-09 22:19:29,2025-01-01 02:09:25
496,growth_stage,growth_stage_496,来自_496,来自_496,496,,,N,0,2024-08-02 05:50:58,2024-12-11 12:30:38
497,equipment_type,equipment_type_497,时候_497,时候_497,497,,,N,0,2024-08-18 15:37:46,2024-10-30 14:02:37
498,weather_condition,weather_condition_498,学生_498,学生_498,498,,,N,0,2024-12-19 15:30:53,2024-11-30 18:03:45
499,monitoring_frequency,monitoring_frequency_499,发现_499,发现_499,499,,,N,0,2025-03-11 18:47:43,2024-10-14 18:02:20
500,monitoring_frequency,monitoring_frequency_500,完全_500,完全_500,500,,,N,0,2024-05-27 19:44:31,2024-06-30 14:39:27
